"code","cardNumber","name","rarity","visualPrompt","description","imageUrl","isActive"
"HH2026-001","1","L'Arbre Mere - Toutes Varietes","legendary","Vertical trading card illustration, 2:3 ratio. 1930s retro cartoon style, rubber hose animation, Cuphead-inspired aesthetic. Anthropomorphic CBD hemp flower character with large expressive black pie-cut eyes, a big cheerful smile, thin black noodle arms and legs, thick white worker gloves, oversized vintage shoes. Very thick black outlines, clean vector-like lineart, flat colors, subtle retro halftone stippling dots for shadows. Legendary rarity feeling. Majestic sacred presence, mythic central composition, strongest premium aura. The character has a majestic tree-shaped body with rainbow-colored leaves and holds a glowing earth globe between its hands. Clean bright minimal background with a soft vintage glow and mythic atmosphere. No text, no logo, no border, no card frame, no watermark, no interface, no extra characters, no realistic rendering, no 3D look. Keep the character centered and highly readable for a collectible card set.","La source mythique de tous les cannabinoides. Ce specimen imaginaire contient un spectre complet parfait et concentre l'ADN botanique de toutes les varietes de chanvre existantes.","","True"
"HH2026-002","2","Charlotte's Web","epic","Vertical trading card illustration, 2:3 ratio. 1930s retro cartoon style, rubber hose animation, Cuphead-inspired aesthetic. Anthropomorphic CBD hemp flower character with large expressive black pie-cut eyes, a big cheerful smile, thin black noodle arms and legs, thick white worker gloves, oversized vintage shoes. Very thick black outlines, clean vector-like lineart, flat colors, subtle retro halftone stippling dots for shadows. Epic rarity feeling. Theatrical heroic energy, elevated stage-like composition, premium but not divine. The character sits on a huge golden spider web, wears a superhero cape, and strikes a heroic pose. Clean bright minimal background with subtle theatrical depth and a premium heroic atmosphere. No text, no logo, no border, no card frame, no watermark, no interface, no extra characters, no realistic rendering, no 3D look. Keep the character centered and highly readable for a collectible card set.","Variete pionniere mondialement connue pour sa richesse en CBD et son role historique aux Etats-Unis dans la democratisation du chanvre bien-etre.","","True"
"HH2026-003","3","Cannatonic","epic","Vertical trading card illustration, 2:3 ratio. 1930s retro cartoon style, rubber hose animation, Cuphead-inspired aesthetic. Anthropomorphic CBD hemp flower character with large expressive black pie-cut eyes, a big cheerful smile, thin black noodle arms and legs, thick white worker gloves, oversized vintage shoes. Very thick black outlines, clean vector-like lineart, flat colors, subtle retro halftone stippling dots for shadows. Epic rarity feeling. Theatrical heroic energy, elevated stage-like composition, premium but not divine. The character wears a majestic wizard cape and juggles several sparkling magic potion bottles. Clean bright minimal background with subtle theatrical depth and a premium heroic atmosphere. No text, no logo, no border, no card frame, no watermark, no interface, no extra characters, no realistic rendering, no 3D look. Keep the character centered and highly readable for a collectible card set.","L'une des toutes premieres varietes espagnoles a offrir un ratio CBD:THC de 1:1, celebre pour ses aromes terriens profonds et boises.","","True"
"HH2026-004","4","Harlequin","epic","Vertical trading card illustration, 2:3 ratio. 1930s retro cartoon style, rubber hose animation, Cuphead-inspired aesthetic. Anthropomorphic CBD hemp flower character with large expressive black pie-cut eyes, a big cheerful smile, thin black noodle arms and legs, thick white worker gloves, oversized vintage shoes. Very thick black outlines, clean vector-like lineart, flat colors, subtle retro halftone stippling dots for shadows. Epic rarity feeling. Theatrical heroic energy, elevated stage-like composition, premium but not divine. The character wears a colorful royal jester costume and plays a large lute on a theatrical stage. Clean bright minimal background with subtle theatrical depth and a premium heroic atmosphere. No text, no logo, no border, no card frame, no watermark, no interface, no extra characters, no realistic rendering, no 3D look. Keep the character centered and highly readable for a collectible card set.","Souche a dominance sativa extremement reputee pour la constance de ses niveaux de CBD et ses saveurs complexes de mangue douce et de musc.","","True"
"HH2026-005","5","ACDC","gold","Vertical trading card illustration, 2:3 ratio. 1930s retro cartoon style, rubber hose animation, Cuphead-inspired aesthetic. Anthropomorphic CBD hemp flower character with large expressive black pie-cut eyes, a big cheerful smile, thin black noodle arms and legs, thick white worker gloves, oversized vintage shoes. Very thick black outlines, clean vector-like lineart, flat colors, subtle retro halftone stippling dots for shadows. Gold rarity feeling. Premium, flashy, energetic, playful collectible mood. The character wears a leather jacket, plays an electric guitar crackling with lightning, and sings into a microphone. Clean bright minimal background with vibrant energy and a premium playful atmosphere. No text, no logo, no border, no card frame, no watermark, no interface, no extra characters, no realistic rendering, no 3D look. Keep the character centered and highly readable for a collectible card set.","Phenotype exceptionnel de Cannatonic, cette variete atteint des sommets en concentration de CBD avec un arome distinctif de citronnelle.","","True"
"HH2026-006","6","Sour Space Candy","gold","Vertical trading card illustration, 2:3 ratio. 1930s retro cartoon style, rubber hose animation, Cuphead-inspired aesthetic. Anthropomorphic CBD hemp flower character with large expressive black pie-cut eyes, a big cheerful smile, thin black noodle arms and legs, thick white worker gloves, oversized vintage shoes. Very thick black outlines, clean vector-like lineart, flat colors, subtle retro halftone stippling dots for shadows. Gold rarity feeling. Premium, flashy, energetic, playful collectible mood. The character wears a full retro space suit, floats in zero gravity, and bites into a giant candy cane. Clean bright minimal background with vibrant energy and a premium playful atmosphere. No text, no logo, no border, no card frame, no watermark, no interface, no extra characters, no realistic rendering, no 3D look. Keep the character centered and highly readable for a collectible card set.","Croisement entre Sour Tsunami et Early Resin Berry, offrant un profil de saveurs unique rappelant les fruits confits et le diesel.","","True"
"HH2026-007","7","Hawaiian Haze","gold","Vertical trading card illustration, 2:3 ratio. 1930s retro cartoon style, rubber hose animation, Cuphead-inspired aesthetic. Anthropomorphic CBD hemp flower character with large expressive black pie-cut eyes, a big cheerful smile, thin black noodle arms and legs, thick white worker gloves, oversized vintage shoes. Very thick black outlines, clean vector-like lineart, flat colors, subtle retro halftone stippling dots for shadows. Gold rarity feeling. Premium, flashy, energetic, playful collectible mood. The character wears a vibrant floral shirt, a Hawaiian flower lei, and sips from a coconut through a straw. Clean bright minimal background with vibrant energy and a premium playful atmosphere. No text, no logo, no border, no card frame, no watermark, no interface, no extra characters, no realistic rendering, no 3D look. Keep the character centered and highly readable for a collectible card set.","Une variete sativa qui transporte sous les tropiques grace a ses aromes intenses d'ananas, de peche et de fleurs exotiques.","","True"
"HH2026-008","8","Lifter","gold","Vertical trading card illustration, 2:3 ratio. 1930s retro cartoon style, rubber hose animation, Cuphead-inspired aesthetic. Anthropomorphic CBD hemp flower character with large expressive black pie-cut eyes, a big cheerful smile, thin black noodle arms and legs, thick white worker gloves, oversized vintage shoes. Very thick black outlines, clean vector-like lineart, flat colors, subtle retro halftone stippling dots for shadows. Gold rarity feeling. Premium, flashy, energetic, playful collectible mood. The character wears a sports headband and triumphantly lifts enormous circus dumbbells. Clean bright minimal background with vibrant energy and a premium playful atmosphere. No text, no logo, no border, no card frame, no watermark, no interface, no extra characters, no realistic rendering, no 3D look. Keep the character centered and highly readable for a collectible card set.","Connue pour son effet revigorant sur l'esprit, cette souche degage des aromes puissants de poivre noir et de fromage doux.","","True"
"HH2026-009","9","Elektra","gold","Vertical trading card illustration, 2:3 ratio. 1930s retro cartoon style, rubber hose animation, Cuphead-inspired aesthetic. Anthropomorphic CBD hemp flower character with large expressive black pie-cut eyes, a big cheerful smile, thin black noodle arms and legs, thick white worker gloves, oversized vintage shoes. Very thick black outlines, clean vector-like lineart, flat colors, subtle retro halftone stippling dots for shadows. Gold rarity feeling. Premium, flashy, energetic, playful collectible mood. The character wears a superhero eye mask and shoots small lightning bolts from its gloved fingertips. Clean bright minimal background with vibrant energy and a premium playful atmosphere. No text, no logo, no border, no card frame, no watermark, no interface, no extra characters, no realistic rendering, no 3D look. Keep the character centered and highly readable for a collectible card set.","Nee du croisement entre ACDC et Early Resin Berry, elle brille par ses notes surprenantes de chocolat, de vin rouge et d'agrumes.","","True"
"HH2026-010","10","Suver Haze","silver","Vertical trading card illustration, 2:3 ratio. 1930s retro cartoon style, rubber hose animation, Cuphead-inspired aesthetic. Anthropomorphic CBD hemp flower character with large expressive black pie-cut eyes, a big cheerful smile, thin black noodle arms and legs, thick white worker gloves, oversized vintage shoes. Very thick black outlines, clean vector-like lineart, flat colors, subtle retro halftone stippling dots for shadows. Silver rarity feeling. Elegant, refined, poised, polished vintage charm. The character wears a deerstalker detective hat and carefully examines a leaf with a magnifying glass. Clean bright minimal background with refined vintage atmosphere and very light decorative context. No text, no logo, no border, no card frame, no watermark, no interface, no extra characters, no realistic rendering, no 3D look. Keep the character centered and highly readable for a collectible card set.","Riche en farnesene et en caryophyllene, cette souche offre des parfums tres epices et relaxants de pomme verte.","","True"
"HH2026-011","11","Cherry Wine","silver","Vertical trading card illustration, 2:3 ratio. 1930s retro cartoon style, rubber hose animation, Cuphead-inspired aesthetic. Anthropomorphic CBD hemp flower character with large expressive black pie-cut eyes, a big cheerful smile, thin black noodle arms and legs, thick white worker gloves, oversized vintage shoes. Very thick black outlines, clean vector-like lineart, flat colors, subtle retro halftone stippling dots for shadows. Silver rarity feeling. Elegant, refined, poised, polished vintage charm. The character elegantly holds a large wine glass filled with sparkling cherry juice. Clean bright minimal background with refined vintage atmosphere and very light decorative context. No text, no logo, no border, no card frame, no watermark, no interface, no extra characters, no realistic rendering, no 3D look. Keep the character centered and highly readable for a collectible card set.","Un croisement complexe offrant des aromes profonds de cerises mures, de fromage et de poivre noir.","","True"
"HH2026-012","12","Ringo's Gift","silver","Vertical trading card illustration, 2:3 ratio. 1930s retro cartoon style, rubber hose animation, Cuphead-inspired aesthetic. Anthropomorphic CBD hemp flower character with large expressive black pie-cut eyes, a big cheerful smile, thin black noodle arms and legs, thick white worker gloves, oversized vintage shoes. Very thick black outlines, clean vector-like lineart, flat colors, subtle retro halftone stippling dots for shadows. Silver rarity feeling. Elegant, refined, poised, polished vintage charm. The character happily presents a beautiful wrapped gift box tied with a ribbon. Clean bright minimal background with refined vintage atmosphere and very light decorative context. No text, no logo, no border, no card frame, no watermark, no interface, no extra characters, no realistic rendering, no 3D look. Keep the character centered and highly readable for a collectible card set.","Nommee en l'honneur du pionnier cannabique Lawrence Ringo, elle se distingue par un parfum rafraichissant de menthe et de terre.","","True"
"HH2026-013","13","Remedy","silver","Vertical trading card illustration, 2:3 ratio. 1930s retro cartoon style, rubber hose animation, Cuphead-inspired aesthetic. Anthropomorphic CBD hemp flower character with large expressive black pie-cut eyes, a big cheerful smile, thin black noodle arms and legs, thick white worker gloves, oversized vintage shoes. Very thick black outlines, clean vector-like lineart, flat colors, subtle retro halftone stippling dots for shadows. Silver rarity feeling. Elegant, refined, poised, polished vintage charm. The character wears a vintage nurse headband and gently holds an oversized old-fashioned thermometer. Clean bright minimal background with refined vintage atmosphere and very light decorative context. No text, no logo, no border, no card frame, no watermark, no interface, no extra characters, no realistic rendering, no 3D look. Keep the character centered and highly readable for a collectible card set.","Dominante indica parfaite pour une utilisation en soiree, caracterisee par de doux aromes de citron et de resine de pin.","","True"
"HH2026-014","14","Sour Tsunami","silver","Vertical trading card illustration, 2:3 ratio. 1930s retro cartoon style, rubber hose animation, Cuphead-inspired aesthetic. Anthropomorphic CBD hemp flower character with large expressive black pie-cut eyes, a big cheerful smile, thin black noodle arms and legs, thick white worker gloves, oversized vintage shoes. Very thick black outlines, clean vector-like lineart, flat colors, subtle retro halftone stippling dots for shadows. Silver rarity feeling. Elegant, refined, poised, polished vintage charm. The character skillfully surfs on a large stylized wave using a simple wooden board. Clean bright minimal background with refined vintage atmosphere and very light decorative context. No text, no logo, no border, no card frame, no watermark, no interface, no extra characters, no realistic rendering, no 3D look. Keep the character centered and highly readable for a collectible card set.","L'une des toutes premieres varietes stabilisees pour un haut taux de CBD, au gout prononce de diesel et d'agrumes.","","True"
"HH2026-015","15","Harle-Tsu","silver","Vertical trading card illustration, 2:3 ratio. 1930s retro cartoon style, rubber hose animation, Cuphead-inspired aesthetic. Anthropomorphic CBD hemp flower character with large expressive black pie-cut eyes, a big cheerful smile, thin black noodle arms and legs, thick white worker gloves, oversized vintage shoes. Very thick black outlines, clean vector-like lineart, flat colors, subtle retro halftone stippling dots for shadows. Silver rarity feeling. Elegant, refined, poised, polished vintage charm. The character wears a slim martial arts headband and stands in a poised fighting stance. Clean bright minimal background with refined vintage atmosphere and very light decorative context. No text, no logo, no border, no card frame, no watermark, no interface, no extra characters, no realistic rendering, no 3D look. Keep the character centered and highly readable for a collectible card set.","Croisement prime alliant merveilleusement la douceur de Harlequin au mordant de Sour Tsunami.","","True"
"HH2026-016","16","Stephen Hawking Kush","silver","Vertical trading card illustration, 2:3 ratio. 1930s retro cartoon style, rubber hose animation, Cuphead-inspired aesthetic. Anthropomorphic CBD hemp flower character with large expressive black pie-cut eyes, a big cheerful smile, thin black noodle arms and legs, thick white worker gloves, oversized vintage shoes. Very thick black outlines, clean vector-like lineart, flat colors, subtle retro halftone stippling dots for shadows. Silver rarity feeling. Elegant, refined, poised, polished vintage charm. The character wears small round glasses, holds a piece of chalk, and points toward a vintage blackboard. Clean bright minimal background with refined vintage atmosphere and very light decorative context. No text, no logo, no border, no card frame, no watermark, no interface, no extra characters, no realistic rendering, no 3D look. Keep the character centered and highly readable for a collectible card set.","Variete sedative a dominance indica, offrant des aromes vibrants de fruits rouges, de cerise et de menthe.","","True"
"HH2026-017","17","Pennywise","silver","Vertical trading card illustration, 2:3 ratio. 1930s retro cartoon style, rubber hose animation, Cuphead-inspired aesthetic. Anthropomorphic CBD hemp flower character with large expressive black pie-cut eyes, a big cheerful smile, thin black noodle arms and legs, thick white worker gloves, oversized vintage shoes. Very thick black outlines, clean vector-like lineart, flat colors, subtle retro halftone stippling dots for shadows. Silver rarity feeling. Elegant, refined, poised, polished vintage charm. The character wears a small round clown nose and holds a balloon by its string. Clean bright minimal background with refined vintage atmosphere and very light decorative context. No text, no logo, no border, no card frame, no watermark, no interface, no extra characters, no realistic rendering, no 3D look. Keep the character centered and highly readable for a collectible card set.","Croisement entre Harlequin et Jack the Ripper, cette souche surprend par ses aromes torrefies de cafe et de poivre.","","True"
"HH2026-018","18","Sweet and Sour Widow","silver","Vertical trading card illustration, 2:3 ratio. 1930s retro cartoon style, rubber hose animation, Cuphead-inspired aesthetic. Anthropomorphic CBD hemp flower character with large expressive black pie-cut eyes, a big cheerful smile, thin black noodle arms and legs, thick white worker gloves, oversized vintage shoes. Very thick black outlines, clean vector-like lineart, flat colors, subtle retro halftone stippling dots for shadows. Silver rarity feeling. Elegant, refined, poised, polished vintage charm. The character wears an elegant black lace widow veil with a mysterious vintage attitude. Clean bright minimal background with refined vintage atmosphere and very light decorative context. No text, no logo, no border, no card frame, no watermark, no interface, no extra characters, no realistic rendering, no 3D look. Keep the character centered and highly readable for a collectible card set.","Profil terpenique unique et robuste, degageant des notes etonnantes d'oignon frais et de terre humide.","","True"
"HH2026-019","19","Special Sauce","silver","Vertical trading card illustration, 2:3 ratio. 1930s retro cartoon style, rubber hose animation, Cuphead-inspired aesthetic. Anthropomorphic CBD hemp flower character with large expressive black pie-cut eyes, a big cheerful smile, thin black noodle arms and legs, thick white worker gloves, oversized vintage shoes. Very thick black outlines, clean vector-like lineart, flat colors, subtle retro halftone stippling dots for shadows. Silver rarity feeling. Elegant, refined, poised, polished vintage charm. The character proudly holds a ladle dripping with a mysterious glossy sauce. Clean bright minimal background with refined vintage atmosphere and very light decorative context. No text, no logo, no border, no card frame, no watermark, no interface, no extra characters, no realistic rendering, no 3D look. Keep the character centered and highly readable for a collectible card set.","Creee en Oregon, celebre pour ses bourgeons resineux et son profil riche en myrcene et farnesene.","","True"
"HH2026-020","20","Strawberry CBD","common","Vertical trading card illustration, 2:3 ratio. 1930s retro cartoon style, rubber hose animation, Cuphead-inspired aesthetic. Anthropomorphic CBD hemp flower character with large expressive black pie-cut eyes, a big cheerful smile, thin black noodle arms and legs, thick white worker gloves, oversized vintage shoes. Very thick black outlines, clean vector-like lineart, flat colors, subtle retro halftone stippling dots for shadows. Common rarity feeling. Simple, charming, approachable, readable everyday cartoon energy. The character carries a small wicker basket overflowing with wild strawberries. Clean bright minimal background with a subtle vintage setting matching the prop, never cluttered. No text, no logo, no border, no card frame, no watermark, no interface, no extra characters, no realistic rendering, no 3D look. Keep the character centered and highly readable for a collectible card set.","Souche tres gourmande dont le bouquet aromatique evoque immanquablement la confiture de fraise et les sous-bois.","","True"
"HH2026-021","21","Amnesia Haze CBD","common","Vertical trading card illustration, 2:3 ratio. 1930s retro cartoon style, rubber hose animation, Cuphead-inspired aesthetic. Anthropomorphic CBD hemp flower character with large expressive black pie-cut eyes, a big cheerful smile, thin black noodle arms and legs, thick white worker gloves, oversized vintage shoes. Very thick black outlines, clean vector-like lineart, flat colors, subtle retro halftone stippling dots for shadows. Common rarity feeling. Simple, charming, approachable, readable everyday cartoon energy. The character gently swings a pocket watch from side to side as if playfully hypnotizing someone. Clean bright minimal background with a subtle vintage setting matching the prop, never cluttered. No text, no logo, no border, no card frame, no watermark, no interface, no extra characters, no realistic rendering, no 3D look. Keep the character centered and highly readable for a collectible card set.","Version repensee (sans THC) de la legendaire sativa hollandaise, conservant ses intenses effluves citronnees.","","True"
"HH2026-022","22","White Widow CBD","common","Vertical trading card illustration, 2:3 ratio. 1930s retro cartoon style, rubber hose animation, Cuphead-inspired aesthetic. Anthropomorphic CBD hemp flower character with large expressive black pie-cut eyes, a big cheerful smile, thin black noodle arms and legs, thick white worker gloves, oversized vintage shoes. Very thick black outlines, clean vector-like lineart, flat colors, subtle retro halftone stippling dots for shadows. Common rarity feeling. Simple, charming, approachable, readable everyday cartoon energy. The character is covered with cartoon snowflakes and shivers inside a large cozy scarf. Clean bright minimal background with a subtle vintage setting matching the prop, never cluttered. No text, no logo, no border, no card frame, no watermark, no interface, no extra characters, no realistic rendering, no 3D look. Keep the character centered and highly readable for a collectible card set.","Une icone celebre pour sa dense couverture de trichomes blancs et son gout boise et epice.","","True"
"HH2026-023","23","Skywalker OG CBD","common","Vertical trading card illustration, 2:3 ratio. 1930s retro cartoon style, rubber hose animation, Cuphead-inspired aesthetic. Anthropomorphic CBD hemp flower character with large expressive black pie-cut eyes, a big cheerful smile, thin black noodle arms and legs, thick white worker gloves, oversized vintage shoes. Very thick black outlines, clean vector-like lineart, flat colors, subtle retro halftone stippling dots for shadows. Common rarity feeling. Simple, charming, approachable, readable everyday cartoon energy. The character proudly raises a glowing sci-fi laser sword in a playful heroic pose. Clean bright minimal background with a subtle vintage setting matching the prop, never cluttered. No text, no logo, no border, no card frame, no watermark, no interface, no extra characters, no realistic rendering, no 3D look. Keep the character centered and highly readable for a collectible card set.","Variete aux notes prononcees de pin, de terre et de carburant, procurant une detente intergalactique profonde.","","True"
"HH2026-024","24","Bubba Kush CBD","common","Vertical trading card illustration, 2:3 ratio. 1930s retro cartoon style, rubber hose animation, Cuphead-inspired aesthetic. Anthropomorphic CBD hemp flower character with large expressive black pie-cut eyes, a big cheerful smile, thin black noodle arms and legs, thick white worker gloves, oversized vintage shoes. Very thick black outlines, clean vector-like lineart, flat colors, subtle retro halftone stippling dots for shadows. Common rarity feeling. Simple, charming, approachable, readable everyday cartoon energy. The character wears a small golden crown and a grand ermine royal cape, standing proudly like a tiny cartoon king. Clean bright minimal background with a subtle vintage setting matching the prop, never cluttered. No text, no logo, no border, no card frame, no watermark, no interface, no extra characters, no realistic rendering, no 3D look. Keep the character centered and highly readable for a collectible card set.","Souche royale indica particulierement reputee pour ses saveurs sombres et profondes de cafe torrefie.","","True"
"HH2026-025","25","OG Kush CBD","common","Vertical trading card illustration, 2:3 ratio. 1930s retro cartoon style, rubber hose animation, Cuphead-inspired aesthetic. Anthropomorphic CBD hemp flower character with large expressive black pie-cut eyes, a big cheerful smile, thin black noodle arms and legs, thick white worker gloves, oversized vintage shoes. Very thick black outlines, clean vector-like lineart, flat colors, subtle retro halftone stippling dots for shadows. Common rarity feeling. Simple, charming, approachable, readable everyday cartoon energy. The character wears a thick gold chain and carries a vintage boombox on one shoulder with a cool relaxed attitude. Clean bright minimal background with a subtle vintage setting matching the prop, never cluttered. No text, no logo, no border, no card frame, no watermark, no interface, no extra characters, no realistic rendering, no 3D look. Keep the character centered and highly readable for a collectible card set.","La legende de la cote ouest americaine, croisee pour offrir un pur profil chanvrier citronne et boise.","","True"
"HH2026-026","26","Gelato CBD","common","Vertical trading card illustration, 2:3 ratio. 1930s retro cartoon style, rubber hose animation, Cuphead-inspired aesthetic. Anthropomorphic CBD hemp flower character with large expressive black pie-cut eyes, a big cheerful smile, thin black noodle arms and legs, thick white worker gloves, oversized vintage shoes. Very thick black outlines, clean vector-like lineart, flat colors, subtle retro halftone stippling dots for shadows. Common rarity feeling. Simple, charming, approachable, readable everyday cartoon energy. The character happily eats a huge three-scoop ice cream cone that is slowly melting. Clean bright minimal background with a subtle vintage setting matching the prop, never cluttered. No text, no logo, no border, no card frame, no watermark, no interface, no extra characters, no realistic rendering, no 3D look. Keep the character centered and highly readable for a collectible card set.","Le dessert botanique par excellence, melant des saveurs cremeuses, sucrees et des nuances de fruits des bois.","","True"
"HH2026-027","27","Gorilla Glue CBD","common","Vertical trading card illustration, 2:3 ratio. 1930s retro cartoon style, rubber hose animation, Cuphead-inspired aesthetic. Anthropomorphic CBD hemp flower character with large expressive black pie-cut eyes, a big cheerful smile, thin black noodle arms and legs, thick white worker gloves, oversized vintage shoes. Very thick black outlines, clean vector-like lineart, flat colors, subtle retro halftone stippling dots for shadows. Common rarity feeling. Simple, charming, approachable, readable everyday cartoon energy. The character has both gloved hands stuck together with thick stretchy glue and pulls hard to separate them. Clean bright minimal background with a subtle vintage setting matching the prop, never cluttered. No text, no logo, no border, no card frame, no watermark, no interface, no extra characters, no realistic rendering, no 3D look. Keep the character centered and highly readable for a collectible card set.","Connue pour la production d'une resine extremement collante qui embaume le pin citronne.","","True"
"HH2026-028","28","Blue Dream CBD","common","Vertical trading card illustration, 2:3 ratio. 1930s retro cartoon style, rubber hose animation, Cuphead-inspired aesthetic. Anthropomorphic CBD hemp flower character with large expressive black pie-cut eyes, a big cheerful smile, thin black noodle arms and legs, thick white worker gloves, oversized vintage shoes. Very thick black outlines, clean vector-like lineart, flat colors, subtle retro halftone stippling dots for shadows. Common rarity feeling. Simple, charming, approachable, readable everyday cartoon energy. The character wears a long sleepy nightcap and lovingly hugs a small fluffy cloud. Clean bright minimal background with a subtle vintage setting matching the prop, never cluttered. No text, no logo, no border, no card frame, no watermark, no interface, no extra characters, no realistic rendering, no 3D look. Keep the character centered and highly readable for a collectible card set.","Sativa californienne douce et onirique, exhalant de merveilleux aromes de myrtille fraichement cueillie.","","True"
"HH2026-029","29","Pineapple Express CBD","common","Vertical trading card illustration, 2:3 ratio. 1930s retro cartoon style, rubber hose animation, Cuphead-inspired aesthetic. Anthropomorphic CBD hemp flower character with large expressive black pie-cut eyes, a big cheerful smile, thin black noodle arms and legs, thick white worker gloves, oversized vintage shoes. Very thick black outlines, clean vector-like lineart, flat colors, subtle retro halftone stippling dots for shadows. Common rarity feeling. Simple, charming, approachable, readable everyday cartoon energy. The character rides a pineapple fitted with small train wheels, sitting on it proudly like a silly tropical vehicle. Clean bright minimal background with a subtle vintage setting matching the prop, never cluttered. No text, no logo, no border, no card frame, no watermark, no interface, no extra characters, no realistic rendering, no 3D look. Keep the character centered and highly readable for a collectible card set.","Un voyage tropical immediat grace a ses terpenes dominants fruites, melant l'ananas sucre au cedre.","","True"
"HH2026-030","30","Lemon Haze CBD","common","Vertical trading card illustration, 2:3 ratio. 1930s retro cartoon style, rubber hose animation, Cuphead-inspired aesthetic. Anthropomorphic CBD hemp flower character with large expressive black pie-cut eyes, a big cheerful smile, thin black noodle arms and legs, thick white worker gloves, oversized vintage shoes. Very thick black outlines, clean vector-like lineart, flat colors, subtle retro halftone stippling dots for shadows. Common rarity feeling. Simple, charming, approachable, readable everyday cartoon energy. The character squeezes a giant lemon with both hands, with eyes comically squinting from the sour intensity. Clean bright minimal background with a subtle vintage setting matching the prop, never cluttered. No text, no logo, no border, no card frame, no watermark, no interface, no extra characters, no realistic rendering, no 3D look. Keep the character centered and highly readable for a collectible card set.","Explosion d'agrumes vifs, cette souche est plebiscitee en journee pour sa fraicheur et sa vivacite.","","True"
"HH2026-031","31","Critical Mass CBD","common","Vertical trading card illustration, 2:3 ratio. 1930s retro cartoon style, rubber hose animation, Cuphead-inspired aesthetic. Anthropomorphic CBD hemp flower character with large expressive black pie-cut eyes, a big cheerful smile, thin black noodle arms and legs, thick white worker gloves, oversized vintage shoes. Very thick black outlines, clean vector-like lineart, flat colors, subtle retro halftone stippling dots for shadows. Common rarity feeling. Simple, charming, approachable, readable everyday cartoon energy. The character wears a yellow construction helmet and innocently holds a large fake stick of dynamite in a playful cartoon way. Clean bright minimal background with a subtle vintage setting matching the prop, never cluttered. No text, no logo, no border, no card frame, no watermark, no interface, no extra characters, no realistic rendering, no 3D look. Keep the character centered and highly readable for a collectible card set.","Connue pour ses rendements massifs et lourds, exhalant un riche parfum de terre humide.","","True"
"HH2026-032","32","Super Lemon Haze CBD","common","Vertical trading card illustration, 2:3 ratio. 1930s retro cartoon style, rubber hose animation, Cuphead-inspired aesthetic. Anthropomorphic CBD hemp flower character with large expressive black pie-cut eyes, a big cheerful smile, thin black noodle arms and legs, thick white worker gloves, oversized vintage shoes. Very thick black outlines, clean vector-like lineart, flat colors, subtle retro halftone stippling dots for shadows. Common rarity feeling. Simple, charming, approachable, readable everyday cartoon energy. The character wears a flowing superhero cape marked with a lemon wedge symbol and strikes a playful heroic pose. Clean bright minimal background with a subtle vintage setting matching the prop, never cluttered. No text, no logo, no border, no card frame, no watermark, no interface, no extra characters, no realistic rendering, no 3D look. Keep the character centered and highly readable for a collectible card set.","Une variante survitaminee en limonene, offrant un gout tres prononce de citronnade acidulee.","","True"
"HH2026-033","33","Skunk CBD","common","Vertical trading card illustration, 2:3 ratio. 1930s retro cartoon style, rubber hose animation, Cuphead-inspired aesthetic. Anthropomorphic CBD hemp flower character with large expressive black pie-cut eyes, a big cheerful smile, thin black noodle arms and legs, thick white worker gloves, oversized vintage shoes. Very thick black outlines, clean vector-like lineart, flat colors, subtle retro halftone stippling dots for shadows. Common rarity feeling. Simple, charming, approachable, readable everyday cartoon energy. The character wears a vintage gas mask hanging around the neck and has a cartoon skunk tail. Clean bright minimal background with a subtle vintage setting matching the prop, never cluttered. No text, no logo, no border, no card frame, no watermark, no interface, no extra characters, no realistic rendering, no 3D look. Keep the character centered and highly readable for a collectible card set.","Une genetique resolument old-school dont le parfum acre, terreux et piquant reste reconnaissable.","","True"
"HH2026-034","34","Afghan CBD","common","Vertical trading card illustration, 2:3 ratio. 1930s retro cartoon style, rubber hose animation, Cuphead-inspired aesthetic. Anthropomorphic CBD hemp flower character with large expressive black pie-cut eyes, a big cheerful smile, thin black noodle arms and legs, thick white worker gloves, oversized vintage shoes. Very thick black outlines, clean vector-like lineart, flat colors, subtle retro halftone stippling dots for shadows. Common rarity feeling. Simple, charming, approachable, readable everyday cartoon energy. The character calmly sits cross-legged while levitating above a beautiful flying carpet. Clean bright minimal background with a subtle vintage setting matching the prop, never cluttered. No text, no logo, no border, no card frame, no watermark, no interface, no extra characters, no realistic rendering, no 3D look. Keep the character centered and highly readable for a collectible card set.","Heritage botanique pur des montagnes de l'Hindu Kush, offrant des notes resineuses et d'encens lourd.","","True"
"HH2026-035","35","Cheese CBD","common","Vertical trading card illustration, 2:3 ratio. 1930s retro cartoon style, rubber hose animation, Cuphead-inspired aesthetic. Anthropomorphic CBD hemp flower character with large expressive black pie-cut eyes, a big cheerful smile, thin black noodle arms and legs, thick white worker gloves, oversized vintage shoes. Very thick black outlines, clean vector-like lineart, flat colors, subtle retro halftone stippling dots for shadows. Common rarity feeling. Simple, charming, approachable, readable everyday cartoon energy. The character proudly holds an enormous yellow cartoon cheese wedge with large round holes. Clean bright minimal background with a subtle vintage setting matching the prop, never cluttered. No text, no logo, no border, no card frame, no watermark, no interface, no extra characters, no realistic rendering, no 3D look. Keep the character centered and highly readable for a collectible card set.","Genetique d'origine britannique mondialement reconnue pour son parfum tres puissant et muscle de fromage affine.","","True"
"HH2026-036","36","Mango Haze CBD","common","Vertical trading card illustration, 2:3 ratio. 1930s retro cartoon style, rubber hose animation, Cuphead-inspired aesthetic. Anthropomorphic CBD hemp flower character with large expressive black pie-cut eyes, a big cheerful smile, thin black noodle arms and legs, thick white worker gloves, oversized vintage shoes. Very thick black outlines, clean vector-like lineart, flat colors, subtle retro halftone stippling dots for shadows. Common rarity feeling. Simple, charming, approachable, readable everyday cartoon energy. The character joyfully juggles three ripe mangoes in the air. Clean bright minimal background with a subtle vintage setting matching the prop, never cluttered. No text, no logo, no border, no card frame, no watermark, no interface, no extra characters, no realistic rendering, no 3D look. Keep the character centered and highly readable for a collectible card set.","Une pepite tropicale qui entremele la rondeur de la mangue sucree a une subtile touche epicee.","","True"
"HH2026-037","37","Dinamed CBD","common","Vertical trading card illustration, 2:3 ratio. 1930s retro cartoon style, rubber hose animation, Cuphead-inspired aesthetic. Anthropomorphic CBD hemp flower character with large expressive black pie-cut eyes, a big cheerful smile, thin black noodle arms and legs, thick white worker gloves, oversized vintage shoes. Very thick black outlines, clean vector-like lineart, flat colors, subtle retro halftone stippling dots for shadows. Common rarity feeling. Simple, charming, approachable, readable everyday cartoon energy. The character proudly holds a large glowing DNA strand like a scientific discovery. Clean bright minimal background with a subtle vintage setting matching the prop, never cluttered. No text, no logo, no border, no card frame, no watermark, no interface, no extra characters, no realistic rendering, no 3D look. Keep the character centered and highly readable for a collectible card set.","Premiere variete pure CBD creee par Dinafem, reconnue pour sa stabilite genetique et son gout d'orange douce.","","True"
"HH2026-038","38","Baox","common","Vertical trading card illustration, 2:3 ratio. 1930s retro cartoon style, rubber hose animation, Cuphead-inspired aesthetic. Anthropomorphic CBD hemp flower character with large expressive black pie-cut eyes, a big cheerful smile, thin black noodle arms and legs, thick white worker gloves, oversized vintage shoes. Very thick black outlines, clean vector-like lineart, flat colors, subtle retro halftone stippling dots for shadows. Common rarity feeling. Simple, charming, approachable, readable everyday cartoon energy. The character holds a rustic old wooden warrior shield in a proud but simple defensive pose. Clean bright minimal background with a subtle vintage setting matching the prop, never cluttered. No text, no logo, no border, no card frame, no watermark, no interface, no extra characters, no realistic rendering, no 3D look. Keep the character centered and highly readable for a collectible card set.","Croisement entre Hindu Kush et Otto II, c'est une souche robuste aux profils terreux et boises tres marques.","","True"
"HH2026-039","39","Berry Blossom","common","Vertical trading card illustration, 2:3 ratio. 1930s retro cartoon style, rubber hose animation, Cuphead-inspired aesthetic. Anthropomorphic CBD hemp flower character with large expressive black pie-cut eyes, a big cheerful smile, thin black noodle arms and legs, thick white worker gloves, oversized vintage shoes. Very thick black outlines, clean vector-like lineart, flat colors, subtle retro halftone stippling dots for shadows. Common rarity feeling. Simple, charming, approachable, readable everyday cartoon energy. The character gently holds a beautiful bouquet of pink flowers mixed with small wild berries. Clean bright minimal background with a subtle vintage setting matching the prop, never cluttered. No text, no logo, no border, no card frame, no watermark, no interface, no extra characters, no realistic rendering, no 3D look. Keep the character centered and highly readable for a collectible card set.","Hybride tres floral offrant des notes douces de framboise et de pin apaisant.","","True"
"HH2026-040","40","The Wife","common","Vertical trading card illustration, 2:3 ratio. 1930s retro cartoon style, rubber hose animation, Cuphead-inspired aesthetic. Anthropomorphic CBD hemp flower character with large expressive black pie-cut eyes, a big cheerful smile, thin black noodle arms and legs, thick white worker gloves, oversized vintage shoes. Very thick black outlines, clean vector-like lineart, flat colors, subtle retro halftone stippling dots for shadows. Common rarity feeling. Simple, charming, approachable, readable everyday cartoon energy. The character wears a vintage floral grandmother-style apron and holds a rolling pin with a warm homey attitude. Clean bright minimal background with a subtle vintage setting matching the prop, never cluttered. No text, no logo, no border, no card frame, no watermark, no interface, no extra characters, no realistic rendering, no 3D look. Keep the character centered and highly readable for a collectible card set.","Souche mere mythique dans la creation de nombreuses genetiques CBD, celebre pour ses notes de cerise.","","True"
"HH2026-041","41","Therapy CBD","common","Vertical trading card illustration, 2:3 ratio. 1930s retro cartoon style, rubber hose animation, Cuphead-inspired aesthetic. Anthropomorphic CBD hemp flower character with large expressive black pie-cut eyes, a big cheerful smile, thin black noodle arms and legs, thick white worker gloves, oversized vintage shoes. Very thick black outlines, clean vector-like lineart, flat colors, subtle retro halftone stippling dots for shadows. Common rarity feeling. Simple, charming, approachable, readable everyday cartoon energy. The character lies comfortably on a tiny psychoanalyst couch while taking notes in a playful self-reflective way. Clean bright minimal background with a subtle vintage setting matching the prop, never cluttered. No text, no logo, no border, no card frame, no watermark, no interface, no extra characters, no realistic rendering, no 3D look. Keep the character centered and highly readable for a collectible card set.","Creee pour maximiser le potentiel therapeutique sans psychoactivite, elle offre des aromes de fruits tropicaux.","","True"
"HH2026-042","42","Dancehall","common","Vertical trading card illustration, 2:3 ratio. 1930s retro cartoon style, rubber hose animation, Cuphead-inspired aesthetic. Anthropomorphic CBD hemp flower character with large expressive black pie-cut eyes, a big cheerful smile, thin black noodle arms and legs, thick white worker gloves, oversized vintage shoes. Very thick black outlines, clean vector-like lineart, flat colors, subtle retro halftone stippling dots for shadows. Common rarity feeling. Simple, charming, approachable, readable everyday cartoon energy. The character wears disco bell-bottom pants and scratches an old vintage turntable with playful rhythm. Clean bright minimal background with a subtle vintage setting matching the prop, never cluttered. No text, no logo, no border, no card frame, no watermark, no interface, no extra characters, no realistic rendering, no 3D look. Keep the character centered and highly readable for a collectible card set.","Issue de genetiques espagnoles, elle stimule l'humeur avec son arome piquant de poivre et d'ananas.","","True"
"HH2026-043","43","Frank's Gift","common","Vertical trading card illustration, 2:3 ratio. 1930s retro cartoon style, rubber hose animation, Cuphead-inspired aesthetic. Anthropomorphic CBD hemp flower character with large expressive black pie-cut eyes, a big cheerful smile, thin black noodle arms and legs, thick white worker gloves, oversized vintage shoes. Very thick black outlines, clean vector-like lineart, flat colors, subtle retro halftone stippling dots for shadows. Common rarity feeling. Simple, charming, approachable, readable everyday cartoon energy. The character wears a neat bow tie and presents a pretty ribbon-wrapped gift box with a polite cheerful smile. Clean bright minimal background with a subtle vintage setting matching the prop, never cluttered. No text, no logo, no border, no card frame, no watermark, no interface, no extra characters, no realistic rendering, no 3D look. Keep the character centered and highly readable for a collectible card set.","Phenotype de Skunk Haze offrant des taux de CBD massifs, prisee pour ses effets relaxants corporels.","","True"
"HH2026-044","44","Valentine X","common","Vertical trading card illustration, 2:3 ratio. 1930s retro cartoon style, rubber hose animation, Cuphead-inspired aesthetic. Anthropomorphic CBD hemp flower character with large expressive black pie-cut eyes, a big cheerful smile, thin black noodle arms and legs, thick white worker gloves, oversized vintage shoes. Very thick black outlines, clean vector-like lineart, flat colors, subtle retro halftone stippling dots for shadows. Common rarity feeling. Simple, charming, approachable, readable everyday cartoon energy. The character has small wings on its back and shoots a heart-shaped arrow with a bow in a playful cupid-like pose. Clean bright minimal background with a subtle vintage setting matching the prop, never cluttered. No text, no logo, no border, no card frame, no watermark, no interface, no extra characters, no realistic rendering, no 3D look. Keep the character centered and highly readable for a collectible card set.","Nommee en l'honneur de St. Valentine, c'est une variation puissante d'ACDC au profil de pin parfume.","","True"
"HH2026-045","45","Carmagnola","common","Vertical trading card illustration, 2:3 ratio. 1930s retro cartoon style, rubber hose animation, Cuphead-inspired aesthetic. Anthropomorphic CBD hemp flower character with large expressive black pie-cut eyes, a big cheerful smile, thin black noodle arms and legs, thick white worker gloves, oversized vintage shoes. Very thick black outlines, clean vector-like lineart, flat colors, subtle retro halftone stippling dots for shadows. Common rarity feeling. Simple, charming, approachable, readable everyday cartoon energy. The character rolls a large old-fashioned wooden cart wheel like a classic farm-era prop. Clean bright minimal background with a subtle vintage setting matching the prop, never cluttered. No text, no logo, no border, no card frame, no watermark, no interface, no extra characters, no realistic rendering, no 3D look. Keep the character centered and highly readable for a collectible card set.","Variete italienne historique, l'une des plus anciennes lignees de chanvre, avec des notes tres terreuses.","","True"
"HH2026-046","46","Cherry Abacus","common","Vertical trading card illustration, 2:3 ratio. 1930s retro cartoon style, rubber hose animation, Cuphead-inspired aesthetic. Anthropomorphic CBD hemp flower character with large expressive black pie-cut eyes, a big cheerful smile, thin black noodle arms and legs, thick white worker gloves, oversized vintage shoes. Very thick black outlines, clean vector-like lineart, flat colors, subtle retro halftone stippling dots for shadows. Common rarity feeling. Simple, charming, approachable, readable everyday cartoon energy. The character counts on an old-fashioned abacus whose beads are bright red cherries. Clean bright minimal background with a subtle vintage setting matching the prop, never cluttered. No text, no logo, no border, no card frame, no watermark, no interface, no extra characters, no realistic rendering, no 3D look. Keep the character centered and highly readable for a collectible card set.","Melange parfait entre la genetique Abacus et des notes fruitees de cerise confite et de cola.","","True"
"HH2026-047","47","Magic Bullet","common","Vertical trading card illustration, 2:3 ratio. 1930s retro cartoon style, rubber hose animation, Cuphead-inspired aesthetic. Anthropomorphic CBD hemp flower character with large expressive black pie-cut eyes, a big cheerful smile, thin black noodle arms and legs, thick white worker gloves, oversized vintage shoes. Very thick black outlines, clean vector-like lineart, flat colors, subtle retro halftone stippling dots for shadows. Common rarity feeling. Simple, charming, approachable, readable everyday cartoon energy. The character wears a tall magician top hat and pulls out a shiny bullet-shaped object like a stage magic trick. Clean bright minimal background with a subtle vintage setting matching the prop, never cluttered. No text, no logo, no border, no card frame, no watermark, no interface, no extra characters, no realistic rendering, no 3D look. Keep the character centered and highly readable for a collectible card set.","Variete reputee pour sa croissance rapide et sa forte teneur en myrcene, ideale pour la detente.","","True"
"HH2026-048","48","Otto II","common","Vertical trading card illustration, 2:3 ratio. 1930s retro cartoon style, rubber hose animation, Cuphead-inspired aesthetic. Anthropomorphic CBD hemp flower character with large expressive black pie-cut eyes, a big cheerful smile, thin black noodle arms and legs, thick white worker gloves, oversized vintage shoes. Very thick black outlines, clean vector-like lineart, flat colors, subtle retro halftone stippling dots for shadows. Common rarity feeling. Simple, charming, approachable, readable everyday cartoon energy. The character holds an oversized mechanic wrench with greasy hands, like a friendly old-cartoon repairman. Clean bright minimal background with a subtle vintage setting matching the prop, never cluttered. No text, no logo, no border, no card frame, no watermark, no interface, no extra characters, no realistic rendering, no 3D look. Keep the character centered and highly readable for a collectible card set.","Stabilisee dans le Colorado, elle produit des aromes complexes de poivre noir et de bois de cedre.","","True"
"HH2026-049","49","Swiss Dream CBD","common","Vertical trading card illustration, 2:3 ratio. 1930s retro cartoon style, rubber hose animation, Cuphead-inspired aesthetic. Anthropomorphic CBD hemp flower character with large expressive black pie-cut eyes, a big cheerful smile, thin black noodle arms and legs, thick white worker gloves, oversized vintage shoes. Very thick black outlines, clean vector-like lineart, flat colors, subtle retro halftone stippling dots for shadows. Common rarity feeling. Simple, charming, approachable, readable everyday cartoon energy. The character blows with all its strength into a huge wooden alpine horn. Clean bright minimal background with a subtle vintage setting matching the prop, never cluttered. No text, no logo, no border, no card frame, no watermark, no interface, no extra characters, no realistic rendering, no 3D look. Keep the character centered and highly readable for a collectible card set.","Variete suisse tres florale et epicee, garantissant un taux de THC ultra-bas tout en preservant des aromes forts.","","True"
"HH2026-050","50","CB Dream","common","Vertical trading card illustration, 2:3 ratio. 1930s retro cartoon style, rubber hose animation, Cuphead-inspired aesthetic. Anthropomorphic CBD hemp flower character with large expressive black pie-cut eyes, a big cheerful smile, thin black noodle arms and legs, thick white worker gloves, oversized vintage shoes. Very thick black outlines, clean vector-like lineart, flat colors, subtle retro halftone stippling dots for shadows. Common rarity feeling. Simple, charming, approachable, readable everyday cartoon energy. The character proudly holds up a large woven dreamcatcher decorated with feathers. Clean bright minimal background with a subtle vintage setting matching the prop, never cluttered. No text, no logo, no border, no card frame, no watermark, no interface, no extra characters, no realistic rendering, no 3D look. Keep the character centered and highly readable for a collectible card set.","Hybride doux aux dominantes indica, apprecie pour combattre le stress grace a son profil de pin et de citron.","","True"
"HH2026-051","51","CBD Kush","common","Vertical trading card illustration, 2:3 ratio. 1930s retro cartoon style, rubber hose animation, Cuphead-inspired aesthetic. Anthropomorphic CBD hemp flower character with large expressive black pie-cut eyes, a big cheerful smile, thin black noodle arms and legs, thick white worker gloves, oversized vintage shoes. Very thick black outlines, clean vector-like lineart, flat colors, subtle retro halftone stippling dots for shadows. Common rarity feeling. Simple, charming, approachable, readable everyday cartoon energy. The character carries a small oriental lantern releasing a thick soft cloud of smoke. Clean bright minimal background with a subtle vintage setting matching the prop, never cluttered. No text, no logo, no border, no card frame, no watermark, no interface, no extra characters, no realistic rendering, no 3D look. Keep the character centered and highly readable for a collectible card set.","Fruit d'une collaboration avec CBD Crew, elle croise Kandy Kush pour des saveurs douces et boisees.","","True"
"HH2026-052","52","Diesel CBD","common","Vertical trading card illustration, 2:3 ratio. 1930s retro cartoon style, rubber hose animation, Cuphead-inspired aesthetic. Anthropomorphic CBD hemp flower character with large expressive black pie-cut eyes, a big cheerful smile, thin black noodle arms and legs, thick white worker gloves, oversized vintage shoes. Very thick black outlines, clean vector-like lineart, flat colors, subtle retro halftone stippling dots for shadows. Common rarity feeling. Simple, charming, approachable, readable everyday cartoon energy. The character proudly leans against an old 1930s vintage gas pump with a relaxed confident attitude. Clean bright minimal background with a subtle vintage setting matching the prop, never cluttered. No text, no logo, no border, no card frame, no watermark, no interface, no extra characters, no realistic rendering, no 3D look. Keep the character centered and highly readable for a collectible card set.","Conserve le parfum acre et carburant caracteristique de sa lignee, pour une detente maximale.","","True"
